{"cameraMode":{"drawMode":0,"name":"Shaded","section":"Shading Mode"},"sceneLighting":true,"audioPlay":false,"sceneViewState":{"m_AlwaysRefresh":false,"showFog":true,"showSkybox":true,"showFlares":true,"showImageEffects":true,"showParticleSystems":true,"showVisualEffectGraphs":true,"m_FxEnabled":true},"in2DMode":false,"pivot":{"x":0.8474153280258179,"y":0.4390578269958496,"z":0.6360440254211426},"rotation":{"x":-0.6343077421188355,"y":-0.22845743596553803,"z":0.20416980981826783,"w":-0.7097759246826172},"size":8.596756935119629,"orthographic":false}